{"cameraMode":{"drawMode":0,"name":"Shaded","section":"Shading Mode"},"sceneLighting":true,"audioPlay":false,"sceneViewState":{"m_AlwaysRefresh":false,"showFog":true,"showSkybox":true,"showFlares":true,"showImageEffects":true,"showParticleSystems":true,"showVisualEffectGraphs":true,"m_FxEnabled":true},"in2DMode":false,"pivot":{"x":-4.088178634643555,"y":1.3157652616500855,"z":4.841329097747803},"rotation":{"x":-0.0002335861063329503,"y":0.9996962547302246,"z":-0.010497456416487694,"w":-0.022497395053505899},"size":0.3321904242038727,"orthographic":false}